{
  "elo_source": {
    "model": "calibrated_elo_v3_candidate",
    "k_factor": 80.0,
    "goal_diff_shrinkage_alpha": 0.1
  },
  "xg_source": {
    "name": "calibrated_xg_worldcup_v1_candidate",
    "mode": "neutral",
    "base": 1.35,
    "c1": 1.3,
    "scale": 600.0,
    "min_xg": 0.2
  },
  "dixon_coles": {
    "rho": 0.05,
    "rho_tuned": false
  },
  "universe": {
    "name": "fifa_historical",
    "label": "FIFA + historical national teams",
    "source_matches": 49449,
    "universe_matches": 48175,
    "target_matches": 1170
  },
  "target": {
    "tournaments": [
      "FIFA World Cup",
      "UEFA Euro"
    ],
    "neutral_only": true
  },
  "search_space": {
    "gamma": [
      0.0,
      0.03,
      0.05,
      0.08,
      0.1,
      0.12,
      0.15,
      0.2
    ]
  },
  "formal_model_formulas_unchanged": true,
  "predicted_avg_total_goals_definition": "expected total goals from normalized score matrix",
  "rows": [
    {
      "gamma": 0.0,
      "matches": 1170,
      "accuracy": 0.5324786324786325,
      "log_loss": 0.9941376023973315,
      "brier_score": 0.5911088182394354,
      "correct_score_top1_accuracy": 0.13076923076923078,
      "actual_draw_rate": 0.24102564102564103,
      "predicted_draw_probability": 0.2293756685109294,
      "actual_low_score_rate": 0.3803418803418803,
      "predicted_low_score_probability": 0.36492993075820424,
      "actual_0_0_rate": 0.08547008547008547,
      "predicted_0_0_probability": 0.06210961296962224,
      "actual_1_1_rate": 0.10854700854700855,
      "predicted_1_1_probability": 0.10831523908829702,
      "predicted_avg_total_goals": 2.658106800797505,
      "actual_avg_total_goals": 2.7256410256410257
    },
    {
      "gamma": 0.03,
      "matches": 1170,
      "accuracy": 0.5324786324786325,
      "log_loss": 0.9939054129049403,
      "brier_score": 0.590900050000705,
      "correct_score_top1_accuracy": 0.12564102564102564,
      "actual_draw_rate": 0.24102564102564103,
      "predicted_draw_probability": 0.23209979201547223,
      "actual_low_score_rate": 0.3803418803418803,
      "predicted_low_score_probability": 0.3682808537683378,
      "actual_0_0_rate": 0.08547008547008547,
      "predicted_0_0_probability": 0.06400789387620325,
      "actual_1_1_rate": 0.10854700854700855,
      "predicted_1_1_probability": 0.10829917458561095,
      "predicted_avg_total_goals": 2.6577199762823653,
      "actual_avg_total_goals": 2.7256410256410257
    },
    {
      "gamma": 0.05,
      "matches": 1170,
      "accuracy": 0.5324786324786325,
      "log_loss": 0.9938049749933849,
      "brier_score": 0.5907759249130121,
      "correct_score_top1_accuracy": 0.1282051282051282,
      "actual_draw_rate": 0.24102564102564103,
      "predicted_draw_probability": 0.23397692282824584,
      "actual_low_score_rate": 0.3803418803418803,
      "predicted_low_score_probability": 0.3705102074170093,
      "actual_0_0_rate": 0.08547008547008547,
      "predicted_0_0_probability": 0.06530599036503647,
      "actual_1_1_rate": 0.10854700854700855,
      "predicted_1_1_probability": 0.10830057005565971,
      "predicted_avg_total_goals": 2.6574792115204313,
      "actual_avg_total_goals": 2.7256410256410257
    },
    {
      "gamma": 0.08,
      "matches": 1170,
      "accuracy": 0.5324786324786325,
      "log_loss": 0.9937522285340306,
      "brier_score": 0.5906149691578761,
      "correct_score_top1_accuracy": 0.12735042735042734,
      "actual_draw_rate": 0.24102564102564103,
      "predicted_draw_probability": 0.2368896183816186,
      "actual_low_score_rate": 0.3803418803418803,
      "predicted_low_score_probability": 0.37384754331648007,
      "actual_0_0_rate": 0.08547008547008547,
      "predicted_0_0_probability": 0.06730340340457891,
      "actual_1_1_rate": 0.10854700854700855,
      "predicted_1_1_probability": 0.10832459013214958,
      "predicted_avg_total_goals": 2.65714507278537,
      "actual_avg_total_goals": 2.7256410256410257
    },
    {
      "gamma": 0.1,
      "matches": 1170,
      "accuracy": 0.5324786324786325,
      "log_loss": 0.9937952362406132,
      "brier_score": 0.5905262009297045,
      "correct_score_top1_accuracy": 0.1282051282051282,
      "actual_draw_rate": 0.24102564102564103,
      "predicted_draw_probability": 0.2388994756578951,
      "actual_low_score_rate": 0.3803418803418803,
      "predicted_low_score_probability": 0.37606813805558104,
      "actual_0_0_rate": 0.08547008547008547,
      "predicted_0_0_probability": 0.06866936830059599,
      "actual_1_1_rate": 0.10854700854700855,
      "predicted_1_1_probability": 0.10835756642568878,
      "predicted_avg_total_goals": 2.6569411187871554,
      "actual_avg_total_goals": 2.7256410256410257
    },
    {
      "gamma": 0.12,
      "matches": 1170,
      "accuracy": 0.5324786324786325,
      "log_loss": 0.9939150797100361,
      "brier_score": 0.5904537673624333,
      "correct_score_top1_accuracy": 0.13076923076923078,
      "actual_draw_rate": 0.24102564102564103,
      "predicted_draw_probability": 0.24096667382477466,
      "actual_low_score_rate": 0.3803418803418803,
      "predicted_low_score_probability": 0.37828546962176607,
      "actual_0_0_rate": 0.08547008547008547,
      "predicted_0_0_probability": 0.07006351179481793,
      "actual_1_1_rate": 0.10854700854700855,
      "predicted_1_1_probability": 0.10840609944060621,
      "predicted_avg_total_goals": 2.6567528660734228,
      "actual_avg_total_goals": 2.7256410256410257
    },
    {
      "gamma": 0.15,
      "matches": 1170,
      "accuracy": 0.5324786324786325,
      "log_loss": 0.9942814183613805,
      "brier_score": 0.5903788819091776,
      "correct_score_top1_accuracy": 0.13076923076923078,
      "actual_draw_rate": 0.24102564102564103,
      "predicted_draw_probability": 0.24418080824849694,
      "actual_low_score_rate": 0.3803418803418803,
      "predicted_low_score_probability": 0.3816057622601135,
      "actual_0_0_rate": 0.08547008547008547,
      "predicted_0_0_probability": 0.07220890228155245,
      "actual_1_1_rate": 0.10854700854700855,
      "predicted_1_1_probability": 0.10851203331576789,
      "predicted_avg_total_goals": 2.656501197446664,
      "actual_avg_total_goals": 2.7256410256410257
    },
    {
      "gamma": 0.2,
      "matches": 1170,
      "accuracy": 0.5324786324786325,
      "log_loss": 0.9958019242259686,
      "brier_score": 0.590352950767698,
      "correct_score_top1_accuracy": 0.13076923076923078,
      "actual_draw_rate": 0.24102564102564103,
      "predicted_draw_probability": 0.24986523948912984,
      "actual_low_score_rate": 0.3803418803418803,
      "predicted_low_score_probability": 0.3871259769440139,
      "actual_0_0_rate": 0.08547008547008547,
      "predicted_0_0_probability": 0.07593163284800004,
      "actual_1_1_rate": 0.10854700854700855,
      "predicted_1_1_probability": 0.10879626513994338,
      "predicted_avg_total_goals": 2.656170659512593,
      "actual_avg_total_goals": 2.7256410256410257
    }
  ],
  "summary": {
    "best_accuracy": {
      "gamma": 0.0,
      "matches": 1170,
      "accuracy": 0.5324786324786325,
      "log_loss": 0.9941376023973315,
      "brier_score": 0.5911088182394354,
      "correct_score_top1_accuracy": 0.13076923076923078,
      "actual_draw_rate": 0.24102564102564103,
      "predicted_draw_probability": 0.2293756685109294,
      "actual_low_score_rate": 0.3803418803418803,
      "predicted_low_score_probability": 0.36492993075820424,
      "actual_0_0_rate": 0.08547008547008547,
      "predicted_0_0_probability": 0.06210961296962224,
      "actual_1_1_rate": 0.10854700854700855,
      "predicted_1_1_probability": 0.10831523908829702,
      "predicted_avg_total_goals": 2.658106800797505,
      "actual_avg_total_goals": 2.7256410256410257
    },
    "best_log_loss": {
      "gamma": 0.08,
      "matches": 1170,
      "accuracy": 0.5324786324786325,
      "log_loss": 0.9937522285340306,
      "brier_score": 0.5906149691578761,