{
  "elo_source": {
    "model": "calibrated_elo_v3_candidate",
    "k_factor": 80.0,
    "goal_diff_shrinkage_alpha": 0.1
  },
  "xg_source": {
    "name": "calibrated_xg_worldcup_v1_candidate",
    "mode": "neutral",
    "base": 1.35,
    "c1": 1.3,
    "scale": 600.0,
    "min_xg": 0.2
  },
  "poisson": {
    "bivariate_shared_goal_gamma": 0.08,
    "gamma_tuned": false
  },
  "universe": {
    "name": "fifa_historical",
    "label": "FIFA + historical national teams",
    "source_matches": 49449,
    "universe_matches": 48175,
    "target_matches": 1170
  },
  "target": {
    "tournaments": [
      "FIFA World Cup",
      "UEFA Euro"
    ],
    "neutral_only": true
  },
  "search_space": {
    "rho": [
      -0.2,
      -0.15,
      -0.1,
      -0.05,
      0.0,
      0.05,
      0.1
    ]
  },
  "formal_model_formulas_unchanged": true,
  "rows": [
    {
      "rho": -0.2,
      "matches": 1170,
      "accuracy": 0.5324786324786325,
      "log_loss": 1.0013423062277649,
      "brier_score": 0.5951749180719138,
      "correct_score_top1_accuracy": 0.11623931623931624,
      "actual_low_score_match_rate": 0.3803418803418803,
      "predicted_low_score_probability": 0.37483987090420523,
      "actual_0_0_rate": 0.08547008547008547,
      "predicted_0_0_probability": 0.0980354032301451,
      "actual_1_0_rate": 0.09230769230769231,
      "predicted_1_0_probability": 0.07501438077717908,
      "actual_0_1_rate": 0.09401709401709402,
      "predicted_0_1_probability": 0.06517574607942817,
      "actual_1_1_rate": 0.10854700854700855,
      "predicted_1_1_probability": 0.1366143408174529
    },
    {
      "rho": -0.15,
      "matches": 1170,
      "accuracy": 0.5324786324786325,
      "log_loss": 0.9983951877379816,
      "brier_score": 0.5934195599614261,
      "correct_score_top1_accuracy": 0.11367521367521367,
      "actual_low_score_match_rate": 0.3803418803418803,
      "predicted_low_score_probability": 0.37464165709821307,
      "actual_0_0_rate": 0.08547008547008547,
      "predicted_0_0_probability": 0.09189679404264588,
      "actual_1_0_rate": 0.09230769230769231,
      "predicted_1_0_probability": 0.08083153641320587,
      "actual_0_1_rate": 0.09401709401709402,
      "predicted_0_1_probability": 0.07094976459844242,
      "actual_1_1_rate": 0.10854700854700855,
      "predicted_1_1_probability": 0.1309635620439189
    },
    {
      "rho": -0.1,
      "matches": 1170,
      "accuracy": 0.5324786324786325,
      "log_loss": 0.9961389654352394,
      "brier_score": 0.592085083640741,
      "correct_score_top1_accuracy": 0.11538461538461539,
      "actual_low_score_match_rate": 0.3803418803418803,
      "predicted_low_score_probability": 0.37444331755620275,
      "actual_0_0_rate": 0.08547008547008547,
      "predicted_0_0_probability": 0.08575429317074476,
      "actual_1_0_rate": 0.09230769230769231,
      "predicted_1_0_probability": 0.08665237988702353,
      "actual_0_1_rate": 0.09401709401709402,
      "predicted_0_1_probability": 0.0767274435000706,
      "actual_1_1_rate": 0.10854700854700855,
      "predicted_1_1_probability": 0.12530920099836387
    },
    {
      "rho": -0.05,
      "matches": 1170,
      "accuracy": 0.5324786324786325,
      "log_loss": 0.9945933083053248,
      "brier_score": 0.591172290720622,
      "correct_score_top1_accuracy": 0.1264957264957265,
      "actual_low_score_match_rate": 0.3803418803418803,
      "predicted_low_score_probability": 0.374244852158492,
      "actual_0_0_rate": 0.08547008547008547,
      "predicted_0_0_probability": 0.07960789691238594,
      "actual_1_0_rate": 0.09230769230769231,
      "predicted_1_0_probability": 0.09247691470671993,
      "actual_0_1_rate": 0.09401709401709402,
      "predicted_0_1_probability": 0.08250878626617829,
      "actual_1_1_rate": 0.10854700854700855,
      "predicted_1_1_probability": 0.11965125427320784
    },
    {
      "rho": 0.0,
      "matches": 1170,
      "accuracy": 0.5324786324786325,
      "log_loss": 0.9937857889240067,
      "brier_score": 0.5906819843377308,
      "correct_score_top1_accuracy": 0.13418803418803418,
      "actual_low_score_match_rate": 0.3803418803418803,
      "predicted_low_score_probability": 0.3740462607852466,
      "actual_0_0_rate": 0.08547008547008547,
      "predicted_0_0_probability": 0.0734576015608165,
      "actual_1_0_rate": 0.09230769230769231,
      "predicted_1_0_probability": 0.09830514438483394,
      "actual_0_1_rate": 0.09401709401709402,
      "predicted_0_1_probability": 0.08829379638304859,
      "actual_1_1_rate": 0.10854700854700855,
      "predicted_1_1_probability": 0.1139897184565476
    },
    {
      "rho": 0.05,
      "matches": 1170,
      "accuracy": 0.5324786324786325,
      "log_loss": 0.9937522285340306,
      "brier_score": 0.5906149691578761,
      "correct_score_top1_accuracy": 0.12735042735042734,
      "actual_low_score_match_rate": 0.3803418803418803,
      "predicted_low_score_probability": 0.37384754331648007,
      "actual_0_0_rate": 0.08547008547008547,
      "predicted_0_0_probability": 0.06730340340457891,
      "actual_1_0_rate": 0.09230769230769231,
      "predicted_1_0_probability": 0.10413707243836241,
      "actual_0_1_rate": 0.09401709401709402,
      "predicted_0_1_probability": 0.09408247734138918,
      "actual_1_1_rate": 0.10854700854700855,
      "predicted_1_1_probability": 0.10832459013214958
    },
    {
      "rho": 0.1,
      "matches": 1170,
      "accuracy": 0.5324786324786325,
      "log_loss": 0.9945375400864288,
      "brier_score": 0.5909720513792259,
      "correct_score_top1_accuracy": 0.13076923076923078,
      "actual_low_score_match_rate": 0.3803418803418803,
      "predicted_low_score_probability": 0.3736486996320535,
      "actual_0_0_rate": 0.08547008547008547,
      "predicted_0_0_probability": 0.06114529872750359,
      "actual_1_0_rate": 0.09230769230769231,
      "predicted_1_0_probability": 0.10997270238876733,
      "actual_0_1_rate": 0.09401709401709402,
      "predicted_0_1_probability": 0.09987483263633928,
      "actual_1_1_rate": 0.10854700854700855,
      "predicted_1_1_probability": 0.1026558658794433
    }
  ],
  "summary": {
    "best_accuracy": {
      "rho": -0.2,
      "matches": 1170,
      "accuracy": 0.5324786324786325,
      "log_loss": 1.0013423062277649,
      "brier_score": 0.5951749180719138,
      "correct_score_top1_accuracy": 0.11623931623931624,
      "actual_low_score_match_rate": 0.3803418803418803,
      "predicted_low_score_probability": 0.37483987090420523,
      "actual_0_0_rate": 0.08547008547008547,
      "predicted_0_0_probability": 0.0980354032301451,
      "actual_1_0_rate": 0.09230769230769231,
      "predicted_1_0_probability": 0.07501438077717908,
      "actual_0_1_rate": 0.09401709401709402,
      "predicted_0_1_probability": 0.06517574607942817,
      "actual_1_1_rate": 0.10854700854700855,
      "predicted_1_1_probability": 0.1366143408174529
    },
    "best_log_loss": {
      "rho": 0.05,
      "matches": 1170,
      "accuracy": 0.5324786324786325,
      "log_loss": 0.9937522285340306,
      "brier_score": 0.5906149691578761,
      "correct_score_top1_accuracy": 0.12735042735042734,
      "actual_low_score_match_rate": 0.3803418803418803,
      "predicted_low_score_probability": 0.37384754331648007,
      "actual_0_0_rate": 0.08547008547008547,
      "predicted_0_0_probability": 0.06730340340457891,
      "actual_1_0_rate": 0.09230769230769231,
      "predicted_1_0_probability": 0.10413707243836241,
      "actual_0_1_rate": 0.09401709401709402,
      "predicted_0_1_probability": 0.09408247734138918,
      "actual_1_1_rate": 0.10854700854700855,
      "predicted_1_1_probability": 0.10832459013214958
    },
    "best_brier_score": {
      "rho": 0.05,
      "matches": 1170,
      "accuracy": 0.5324786324786325,
      "log_loss": 0.9937522285340306,
      "brier_score": 0.5906149691578761,
      "correct_score_top1_accuracy": 0.12735042735042734,