normal_weight,domination_weight,matches,correct_score_top1_accuracy,correct_score_top3_accuracy,correct_score_top5_accuracy,goal_difference_exact_accuracy,goal_difference_plus_minus_1_accuracy,blowout_detection_accuracy,actual_blowout_rate,predicted_blowout_probability,top3_probability_coverage,top5_probability_coverage,high_margin_matches,high_margin_correct_score_top3_accuracy,high_margin_correct_score_top5_accuracy,high_margin_goal_difference_exact_accuracy,high_margin_goal_difference_plus_minus_1_accuracy,high_margin_predicted_blowout_probability
1.0,0.0,1170,0.12735042735042734,0.33589743589743587,0.4846153846153846,0.27692307692307694,0.6452991452991453,0.8358974358974359,0.1641025641025641,0.13763115889302133,0.33803237820859217,0.504470069693392,192,0.03125,0.078125,0.0,0.0,0.14566206281051647
0.9,0.09999999999999998,1170,0.12905982905982907,0.33589743589743587,0.48547008547008547,0.27692307692307694,0.6444444444444445,0.8358974358974359,0.1641025641025641,0.13810180917143655,0.3381362920813927,0.5045554113769106,192,0.03125,0.08333333333333333,0.0,0.0,0.14637365071349992
0.8,0.19999999999999996,1170,0.12905982905982907,0.3367521367521368,0.48547008547008547,0.27692307692307694,0.6444444444444445,0.8358974358974359,0.1641025641025641,0.13857329177283603,0.33823777963570223,0.5046552018457677,192,0.036458333333333336,0.08333333333333333,0.0,0.0,0.14708690987932216
0.7,0.30000000000000004,1170,0.12905982905982907,0.33589743589743587,0.4846153846153846,0.27692307692307694,0.6461538461538462,0.8358974358974359,0.1641025641025641,0.1390454226797077,0.3383376255112779,0.504768187672847,192,0.036458333333333336,0.08333333333333333,0.0,0.010416666666666666,0.14780154901834225
0.6,0.4,1170,0.12991452991452992,0.33589743589743587,0.48376068376068376,0.27692307692307694,0.6461538461538462,0.8358974358974359,0.1641025641025641,0.13951802627241738,0.33843562457199905,0.5048894669488538,192,0.036458333333333336,0.08333333333333333,0.0,0.010416666666666666,0.14851728854492152
0.5,0.5,1170,0.13076923076923078,0.33589743589743587,0.48376068376068376,0.27692307692307694,0.6461538461538462,0.8358974358974359,0.1641025641025641,0.13999093507716537,0.33853051225179986,0.5050259037701463,192,0.036458333333333336,0.08854166666666667,0.0,0.010416666666666666,0.14923386028657842
