normal_weight,domination_weight,matches,accuracy,log_loss,brier_score,correct_score_top1_accuracy,goal_difference_mae,total_goals_mae,predicted_avg_total_goals,actual_avg_total_goals,predicted_draw_probability,actual_draw_rate,draw_probability_calibration_error,affected_matches,avg_abs_elo_diff,avg_abs_xg_shift
1.0,0.0,1170,0.5324786324786325,0.9937522285340306,0.5906149691578761,0.12735042735042734,1.3081063390952992,1.4279922279839032,2.65714507278537,2.7256410256410257,0.23688961838161862,0.24102564102564103,0.004136022644022408,157,140.1743296897436,0.0
0.9,0.09999999999999998,1170,0.5324786324786325,0.9939708711830231,0.5906383262917141,0.12905982905982907,1.3085165625606467,1.4279664167675754,2.6582694534954423,2.7256410256410257,0.23665119426419615,0.24102564102564103,0.004374446761444883,157,140.1743296897436,0.0024680263298490182
0.8,0.19999999999999996,1170,0.5324786324786325,0.9942046563608736,0.5906645504855331,0.12905982905982907,1.3090808887460286,1.4279406055512478,2.659381873656409,2.7256410256410257,0.23641600603094978,0.24102564102564103,0.004609634994691247,157,140.1743296897436,0.004936052659698027
0.7,0.30000000000000004,1170,0.5324786324786325,0.994453725560342,0.5906934167620382,0.12905982905982907,1.3096642217625611,1.4279147943349202,2.6604823046865866,2.7256410256410257,0.23618401891945492,0.24102564102564103,0.004841622106186105,157,140.1743296897436,0.0074040789895470395
0.6,0.4,1170,0.5324786324786325,0.994718288705233,0.5907247150249662,0.12991452991452992,1.310247554779094,1.4279872547309458,2.6615707280225,2.7256410256410257,0.23595519777583046,0.24102564102564103,0.005070443249810569,157,140.1743296897436,0.00987210531939602
0.5,0.5,1170,0.5324786324786325,0.9949986355585706,0.5907582491312885,0.13076923076923078,1.3108308877956267,1.4280643913447721,2.662647134645994,2.7256410256410257,0.23572950710374713,0.24102564102564103,0.005296133921893903,157,140.1743296897436,0.012340131649245013
