model,matches,home_goal_mae,away_goal_mae,total_goals_mae,goal_difference_mae,poisson_log_loss,brier_score,mean_predicted_home_xg,mean_predicted_away_xg,mean_actual_home_goals,mean_actual_away_goals
standard_elo_v1,48175,1.1637581603938418,0.9322113288216571,1.5600018475094966,1.556968476267082,0.9800959801881245,0.5839676244950752,1.2152944676581905,1.1849419443694862,1.7350077841203944,1.1650233523611833
calibrated_elo_v2_candidate,48175,1.1348859547787233,0.9128037384790867,1.556311847726172,1.4919364423228854,0.9471335236659101,0.561034738108967,1.226907406328905,1.1790179306101367,1.7350077841203944,1.1650233523611833
calibrated_elo_v3_candidate,48175,1.143391282864072,0.9188646075748487,1.5579866855790694,1.5123867643242,0.9567527005598198,0.5678967789399558,1.2225320239859538,1.180671604564366,1.7350077841203944,1.1650233523611833
