model,accuracy,log_loss,brier_score,accuracy_delta,log_loss_delta,brier_delta
standard_elo_v1,0.5543489251552104,0.9804863448309428,0.584209009462329,0.0,0.0,0.0
calibrated_elo_v2_candidate,0.5590406277174462,0.9469499541543781,0.56077643215229,0.004691702562235833,0.033536390676564665,0.023432577310039004
