model,matches,accuracy,log_loss,brier_score,correct_score_top1_accuracy,predicted_draw_probability,actual_draw_rate,predicted_low_score_probability,actual_low_score_rate,predicted_avg_total_goals,actual_avg_total_goals
baseline_current,1170,0.48547008547008547,1.0221324622717352,0.6116903678282901,0.12393162393162394,0.2650344833633671,0.24102564102564103,0.39474452807953864,0.3803418803418803,2.5600943586181506,2.7256410256410257
elo_only_calibrated,1170,0.5153846153846153,1.0167522999002379,0.6039078370673724,0.12051282051282051,0.2548744236560451,0.24102564102564103,0.3894739196657049,0.3803418803418803,2.5541870002220755,2.7256410256410257
elo_xg_calibrated,1170,0.5324786324786325,0.9945933083053248,0.591172290720622,0.1264957264957265,0.26048194312013445,0.24102564102564103,0.374244852158492,0.3803418803418803,2.6551418848629518,2.7256410256410257
full_calibrated_worldcup_candidate,1170,0.5324786324786325,0.9937522285340306,0.5906149691578761,0.12735042735042734,0.2368896183816186,0.24102564102564103,0.37384754331648007,0.3803418803418803,2.65714507278537,2.7256410256410257
