model,train_matches,validation_matches,accuracy,log_loss,brier_score,train_accuracy,train_log_loss,train_brier_score,final_team_count,elo_std,elo_min,elo_max,norway_rank,norway_final_elo
standard_elo_v1,45611,2564,0.5959438377535101,0.9265291589396771,0.5474396632491464,0.5508320361316349,0.9831072127785302,0.5860210259253125,236.0,200.06308171394218,1041.984745,2002.213327,24,1782.831676
calibrated_elo_v2_candidate,45611,2564,0.5971138845553822,0.8876394800292993,0.523116909596557,0.5557650566749249,0.950477952156499,0.5631662702460777,236.0,360.9213253216236,549.698361,2268.246455,6,2139.834205
