universe,model,matches,team_count,accuracy,log_loss,brier_score,mean_elo,median_elo,std_elo,min_elo,max_elo
all,standard_elo_v1,49449,336.0,0.5543489251552104,0.9804863448309428,0.584209009462329,1500.0000000446428,1489.6548535,171.10814955087827,1043.13835,1998.20513
all,calibrated_elo_v2_candidate,49449,336.0,0.5590406277174462,0.9469499541543781,0.56077643215229,1500.0000000059524,1508.8510075,319.07329374890736,608.413045,2271.258671
fifa_only,standard_elo_v1,46874,230.0,0.5543584929811836,0.9794250026275723,0.5835044144301146,1499.3135257173913,1481.6275179999998,200.39253915047024,1043.13835,1998.20513
fifa_only,calibrated_elo_v2_candidate,46874,230.0,0.558582583095106,0.9463478683099473,0.5605689699832249,1506.7577005130436,1510.278082,357.5814025809489,608.413045,2271.258671
fifa_historical,standard_elo_v1,48175,236.0,0.5533160352880124,0.9804577762947011,0.5842143827236042,1500.8904827627118,1481.6275179999998,198.85789089459394,1043.13835,1998.20513
fifa_historical,calibrated_elo_v2_candidate,48175,236.0,0.5576336274001038,0.9477512992326986,0.5614716455463115,1510.3416109152543,1511.906669,355.65005980743996,608.413045,2271.258671
