split,formula,matches,goal_mae,team_a_goal_mae,team_b_goal_mae,total_goals_mae,goal_difference_mae,poisson_log_loss,brier_score,predicted_avg_total_goals,actual_avg_total_goals,predicted_avg_home_or_team_a_goals,predicted_avg_away_or_team_b_goals,actual_avg_home_or_team_a_goals,actual_avg_away_or_team_b_goals,predicted_minus_actual_total_goals
FIFA World Cup neutral,current_asymmetric_xg,881,0.9865640066250472,1.0687847632841467,0.9043432499659477,1.500496855278093,1.385296563155505,1.0000081746804108,0.5914103814871342,2.602656550124858,2.8308740068104425,1.5865711386959263,1.016085411428932,1.5459704880817253,1.2849035187287174,-0.22821745668558435
FIFA World Cup neutral,neutral_xg_worldcup_v1_candidate,881,1.0092941036838303,1.0686037188886597,0.9499844884790011,1.4813037365803323,1.3537291577236612,0.9795677603669278,0.5803605223904805,3.000032453946961,2.8308740068104425,1.5885386645753792,1.411493789371582,1.5459704880817253,1.2849035187287174,0.1691584471365184
UEFA Euro neutral,current_asymmetric_xg,289,0.877124128650519,0.9410565809842368,0.8131916763168012,1.213840830449827,1.221114512495194,1.0677958096534084,0.6420056168811835,2.6,2.404844290657439,1.5182451975009612,1.0817548024990389,1.245674740484429,1.1591695501730104,0.19515570934256088
UEFA Euro neutral,neutral_xg_worldcup_v1_candidate,289,0.9130740787983642,0.9407187666168606,0.885429390979868,1.245674740484429,1.1731269226958163,1.0359238950364247,0.6224189671901443,3.0,2.404844290657439,1.5186598610805284,1.4813401389194716,1.245674740484429,1.1591695501730104,0.5951557093425608
World Cup + Euro neutral,current_asymmetric_xg,1170,0.9595314213817663,1.0372348105622031,0.8818280322013295,1.429690367094017,1.344742193377018,1.0167522999002379,0.6039078370673724,2.6020003595384615,2.7256410256410257,1.5696940472383665,1.032306312300095,1.471794871794872,1.2538461538461538,-0.12364066610256419
World Cup + Euro neutral,neutral_xg_worldcup_v1_candidate,1170,0.9855269351437452,1.0370150426437452,0.9340388276437451,1.4231013606216005,1.309118862062937,0.9934882073066575,0.5907493177298863,3.0000244375446776,2.7256410256410257,1.5712780028574203,1.4287464346872571,1.471794871794872,1.2538461538461538,0.2743834119036519
